scraping_date,scraping_time,floorplan_name,bedroom,bathroom,apartment_number,rent_min,rent_max,move_in_month,move_in_day,move_in_year
2022/05/17,22,a3_p,1,1,800,1188,1586,5,17,2022
2022/05/17,22,a2_p,1,1,700,1240,1572,5,17,2022
2022/05/17,22,a3,1,1,800,1279,1611,5,17,2022
2022/05/17,22,a3_e,1,1,800,1296,1552,5,17,2022
2022/05/17,22,b2dh_p,2,1000,1490,1830,5,17,2022
2022/05/17,22,b1dh_e,2,1,980,1555,1968,5,17,2022
2022/05/17,22,b1dh,2,1,980,1556,1946,5,17,2022
2022/05/17,22,bt_e,2,1100,1589,1992,5,17,2022
2022/05/17,22,b5,2,2,980,1771,2248,5,17,2022
2022/05/17,22,b3,2,2,980,1841,2196,5,17,2022
2022/05/17,22,ct_e,3,1350,2011,2868,5,17,2022
2022/05/17,22,b4,2,2,1000,2041,2470,5,17,2022
2022/05/17,22,a3_p,1,1,800,1185,1570,5,18,2022
2022/05/17,22,a2_p,1,1,700,1237,1572,5,18,2022
2022/05/17,22,a3,1,1,800,1279,1611,5,18,2022
2022/05/17,22,a3_e,1,1,800,1292,1545,5,18,2022
2022/05/17,22,b2dh_p,2,1000,1490,1830,5,18,2022
2022/05/17,22,b1dh_e,2,1,980,1555,1968,5,18,2022
2022/05/17,22,b1dh,2,1,980,1556,1946,5,18,2022
2022/05/17,22,bt_e,2,1100,1589,1992,5,18,2022
2022/05/17,22,b5,2,2,980,1771,2248,5,18,2022
2022/05/17,22,b3,2,2,980,1841,2196,5,18,2022
2022/05/17,22,ct_e,3,1350,2006,2854,5,18,2022
2022/05/17,22,b4,2,2,1000,2041,2470,5,18,2022
2022/05/17,22,a3_p,1,1,800,1188,1586,5,19,2022
2022/05/17,22,a2_p,1,1,700,1240,1572,5,19,2022
2022/05/17,22,a3,1,1,800,1279,1611,5,19,2022
2022/05/17,22,a3_e,1,1,800,1296,1552,5,19,2022
2022/05/17,22,b2dh_p,2,1000,1490,1830,5,19,2022
2022/05/17,22,b1dh_e,2,1,980,1555,1968,5,19,2022
2022/05/17,22,b1dh,2,1,980,1556,1946,5,19,2022
2022/05/17,22,bt_e,2,1100,1589,1992,5,19,2022
2022/05/17,22,b5,2,2,980,1771,2248,5,19,2022
2022/05/17,22,b3,2,2,980,1841,2196,5,19,2022
2022/05/17,22,ct_e,3,1350,2011,2868,5,19,2022
2022/05/17,22,b4,2,2,1000,2041,2470,5,19,2022
2022/05/17,22,a3_p,1,1,800,1191,1601,5,20,2022
2022/05/17,22,a2_p,1,1,700,1243,1572,5,20,2022
2022/05/17,22,a3,1,1,800,1282,1611,5,20,2022
2022/05/17,22,a3_e,1,1,800,1299,1560,5,20,2022
2022/05/17,22,b2dh_p,2,1000,1490,1830,5,20,2022
2022/05/17,22,b1dh_e,2,1,980,1555,1968,5,20,2022
2022/05/17,22,b1dh,2,1,980,1556,1946,5,20,2022
2022/05/17,22,bt_e,2,1100,1589,1992,5,20,2022
2022/05/17,22,b5,2,2,980,1771,2248,5,20,2022
2022/05/17,22,b3,2,2,980,1841,2196,5,20,2022
2022/05/17,22,ct_e,3,1350,2016,2882,5,20,2022
2022/05/17,22,b4,2,2,1000,2041,2470,5,20,2022
2022/05/17,22,a3_p,1,1,800,1194,1616,5,21,2022
2022/05/17,22,a2_p,1,1,700,1246,1572,5,21,2022
2022/05/17,22,a3,1,1,800,1285,1611,5,21,2022
2022/05/17,22,a3_e,1,1,800,1302,1567,5,21,2022
2022/05/17,22,b2dh_p,2,1000,1493,1844,5,21,2022
2022/05/17,22,b1dh_e,2,1,980,1555,1968,5,21,2022
2022/05/17,22,b1dh,2,1,980,1556,1946,5,21,2022
2022/05/17,22,bt_e,2,1100,1589,1992,5,21,2022
2022/05/17,22,b5,2,2,980,1771,2248,5,21,2022
2022/05/17,22,b3,2,2,980,1841,2196,5,21,2022
2022/05/17,22,ct_e,3,1350,2021,2896,5,21,2022
2022/05/17,22,b4,2,2,1000,2041,2470,5,21,2022
2022/05/17,22,a3_p,1,1,800,1197,1632,5,22,2022
2022/05/17,22,a2_p,1,1,700,1249,1572,5,22,2022
2022/05/17,22,a3,1,1,800,1288,1611,5,22,2022
2022/05/17,22,a3_e,1,1,800,1303,1582,5,22,2022
2022/05/17,22,b2dh_p,2,1000,1497,1861,5,22,2022
2022/05/17,22,b1dh_e,2,1,980,1555,1968,5,22,2022
2022/05/17,22,b1dh,2,1,980,1556,1946,5,22,2022
2022/05/17,22,bt_e,2,1100,1589,1992,5,22,2022
2022/05/17,22,b5,2,2,980,1771,2248,5,22,2022
2022/05/17,22,b3,2,2,980,1841,2196,5,22,2022
2022/05/17,22,ct_e,3,1350,2026,2911,5,22,2022
2022/05/17,22,b4,2,2,1000,2041,2470,5,22,2022
2022/05/17,22,a3_p,1,1,800,1200,1647,5,23,2022
2022/05/17,22,a2_p,1,1,700,1253,1572,5,23,2022
2022/05/17,22,a3,1,1,800,1291,1611,5,23,2022
2022/05/17,22,a3_e,1,1,800,1303,1598,5,23,2022
2022/05/17,22,b1dh,2,1,980,1460,1946,5,23,2022
2022/05/17,22,b2dh_p,2,1000,1500,1878,5,23,2022
2022/05/17,22,b1dh_e,2,1,980,1555,1968,5,23,2022
2022/05/17,22,bt_e,2,1100,1589,1992,5,23,2022
2022/05/17,22,b5,2,2,980,1771,2248,5,23,2022
2022/05/17,22,b3,2,2,980,1841,2196,5,23,2022
2022/05/17,22,ct_e,3,1350,2031,2925,5,23,2022
2022/05/17,22,b4,2,2,1000,2041,2470,5,23,2022
2022/05/17,22,a3_p,1,1,800,1203,1662,5,24,2022
2022/05/17,22,a2_p,1,1,700,1256,1583,5,24,2022
2022/05/17,22,a3,1,1,800,1294,1611,5,24,2022
2022/05/17,22,a3_e,1,1,800,1303,1613,5,24,2022
2022/05/17,22,b1dh,2,1,980,1460,1946,5,24,2022
2022/05/17,22,b2dh_p,2,1000,1504,1894,5,24,2022
2022/05/17,22,b1dh_e,2,1,980,1555,1968,5,24,2022
2022/05/17,22,bt_e,2,1100,1589,1992,5,24,2022
2022/05/17,22,b5,2,2,980,1771,2248,5,24,2022
2022/05/17,22,b3,2,2,980,1841,2196,5,24,2022
2022/05/17,22,ct_e,3,1350,2036,2939,5,24,2022
2022/05/17,22,b4,2,2,1000,2041,2470,5,24,2022
2022/05/17,22,a3_p,1,1,800,1206,1678,5,25,2022
2022/05/17,22,a2_p,1,1,700,1259,1598,5,25,2022
2022/05/17,22,a3,1,1,800,1297,1611,5,25,2022
2022/05/17,22,a3_e,1,1,800,1303,1628,5,25,2022
2022/05/17,22,b1dh,2,1,980,1460,1946,5,25,2022
2022/05/17,22,b2dh_p,2,1000,1508,1911,5,25,2022
2022/05/17,22,b1dh_e,2,1,980,1555,1968,5,25,2022
2022/05/17,22,bt_e,2,1100,1589,1992,5,25,2022
2022/05/17,22,b5,2,2,980,1771,2248,5,25,2022
2022/05/17,22,b3,2,2,980,1841,2196,5,25,2022
2022/05/17,22,b4,2,2,1000,2041,2470,5,25,2022
2022/05/17,22,ct_e,3,1350,2041,2953,5,25,2022
2022/05/17,22,a3_p,1,1,800,1209,1693,5,26,2022
2022/05/17,22,a2_p,1,1,700,1262,1612,5,26,2022
2022/05/17,22,a3,1,1,800,1300,1611,5,26,2022
2022/05/17,22,a3_e,1,1,800,1303,1644,5,26,2022
2022/05/17,22,b1dh,2,1,980,1460,1946,5,26,2022
2022/05/17,22,b2dh_p,2,1000,1511,1928,5,26,2022
2022/05/17,22,b1dh_e,2,1,980,1555,1968,5,26,2022
2022/05/17,22,bt_e,2,1100,1589,1992,5,26,2022
2022/05/17,22,b5,2,2,980,1771,2248,5,26,2022
2022/05/17,22,b3,2,2,980,1841,2196,5,26,2022
2022/05/17,22,b4,2,2,1000,2041,2470,5,26,2022
2022/05/17,22,ct_e,3,1350,2046,2967,5,26,2022
2022/05/17,22,a3_p,1,1,800,1212,1708,5,27,2022
2022/05/17,22,a2_p,1,1,700,1265,1627,5,27,2022
2022/05/17,22,a3,1,1,800,1303,1618,5,27,2022
2022/05/17,22,a3_e,1,1,800,1303,1659,5,27,2022
2022/05/17,22,b1dh,2,1,980,1460,1946,5,27,2022
2022/05/17,22,b2dh_p,2,1000,1515,1944,5,27,2022
2022/05/17,22,b1dh_e,2,1,980,1555,1968,5,27,2022
2022/05/17,22,bt_e,2,1100,1589,1992,5,27,2022
2022/05/17,22,b5,2,2,980,1771,2248,5,27,2022
2022/05/17,22,b3,2,2,980,1841,2196,5,27,2022
2022/05/17,22,b4,2,2,1000,2041,2470,5,27,2022
2022/05/17,22,ct_e,3,1350,2051,2982,5,27,2022
2022/05/17,22,a3_p,1,1,800,1215,1724,5,28,2022
2022/05/17,22,a2_p,1,1,700,1268,1642,5,28,2022
2022/05/17,22,a3_e,1,1,800,1303,1674,5,28,2022
2022/05/17,22,a3,1,1,800,1306,1626,5,28,2022
2022/05/17,22,b1dh,2,1,980,1460,1946,5,28,2022
2022/05/17,22,b2dh_p,2,1000,1518,1961,5,28,2022
2022/05/17,22,b1dh_e,2,1,980,1555,1968,5,28,2022
2022/05/17,22,bt_e,2,1100,1589,1992,5,28,2022
2022/05/17,22,b5,2,2,980,1771,2248,5,28,2022
2022/05/17,22,b3,2,2,980,1841,2196,5,28,2022
2022/05/17,22,b4,2,2,1000,2041,2470,5,28,2022
2022/05/17,22,ct_e,3,1350,2056,2996,5,28,2022
2022/05/17,22,a3_p,1,1,800,1218,1739,5,29,2022
2022/05/17,22,a2_p,1,1,700,1271,1656,5,29,2022
2022/05/17,22,a3_e,1,1,800,1303,1690,5,29,2022
2022/05/17,22,a3,1,1,800,1309,1638,5,29,2022
2022/05/17,22,b1dh,2,1,980,1460,1946,5,29,2022
2022/05/17,22,b2dh_p,2,1000,1522,1978,5,29,2022
2022/05/17,22,b1dh_e,2,1,980,1555,1968,5,29,2022
2022/05/17,22,bt_e,2,1100,1589,1992,5,29,2022
2022/05/17,22,b5,2,2,980,1771,2248,5,29,2022
2022/05/17,22,b3,2,2,980,1841,2196,5,29,2022
2022/05/17,22,b4,2,2,1000,2041,2470,5,29,2022
2022/05/17,22,ct_e,3,1350,2061,3010,5,29,2022
2022/05/17,22,a3_p,1,1,800,1221,1754,5,30,2022
2022/05/17,22,a2_p,1,1,700,1275,1671,5,30,2022
2022/05/17,22,a3_e,1,1,800,1303,1705,5,30,2022
2022/05/17,22,a3,1,1,800,1312,1652,5,30,2022
2022/05/17,22,b1dh,2,1,980,1460,1946,5,30,2022
2022/05/17,22,b2dh_p,2,1000,1525,1994,5,30,2022
2022/05/17,22,b1dh_e,2,1,980,1555,1968,5,30,2022
2022/05/17,22,bt_e,2,1100,1589,1992,5,30,2022
2022/05/17,22,b5,2,2,980,1771,2248,5,30,2022
2022/05/17,22,b3,2,2,980,1841,2196,5,30,2022
2022/05/17,22,b4,2,2,1000,2041,2470,5,30,2022
2022/05/17,22,ct_e,3,1350,2067,3024,5,30,2022
2022/05/17,22,a3_p,1,1,800,1224,1770,5,31,2022
2022/05/17,22,a2_p,1,1,700,1278,1686,5,31,2022
2022/05/17,22,a3_e,1,1,800,1303,1720,5,31,2022
2022/05/17,22,a3,1,1,800,1315,1666,5,31,2022
2022/05/17,22,b1dh,2,1,980,1460,1946,5,31,2022
2022/05/17,22,b2dh_p,2,1000,1529,2011,5,31,2022
2022/05/17,22,b1dh_e,2,1,980,1555,1968,5,31,2022
2022/05/17,22,bt_e,2,1100,1589,1992,5,31,2022
2022/05/17,22,b5,2,2,980,1771,2248,5,31,2022
2022/05/17,22,b3,2,2,980,1841,2196,5,31,2022
2022/05/17,22,b4,2,2,1000,2041,2470,5,31,2022
2022/05/17,22,ct_e,3,1350,2072,3038,5,31,2022
2022/05/17,22,a3_p,1,1,800,1298,1643,6,1,2022
2022/05/17,22,a3_e,1,1,800,1303,1598,6,1,2022
2022/05/17,22,a3,1,1,800,1317,1681,6,1,2022
2022/05/17,22,a2_p,1,1,700,1373,1730,6,1,2022
2022/05/17,22,b1dh,2,1,980,1460,2122,6,1,2022
2022/05/17,22,b2dh_p,2,1000,1533,2028,6,1,2022
2022/05/17,22,bt_e,2,1100,1589,1992,6,1,2022
2022/05/17,22,b1dh_e,2,1,980,1596,2016,6,1,2022
2022/05/17,22,b5,2,2,980,1771,2208,6,1,2022
2022/05/17,22,b3,2,2,980,1841,2196,6,1,2022
2022/05/17,22,b4,2,2,1000,2109,2720,6,1,2022
2022/05/17,22,a3_p,1,1,800,1301,1650,6,2,2022
2022/05/17,22,a3_e,1,1,800,1306,1614,6,2,2022
2022/05/17,22,a3,1,1,800,1320,1697,6,2,2022
2022/05/17,22,a2_p,1,1,700,1376,1745,6,2,2022
2022/05/17,22,b1dh,2,1,980,1460,2139,6,2,2022
2022/05/17,22,b2dh_p,2,1000,1536,2044,6,2,2022
2022/05/17,22,bt_e,2,1100,1593,2001,6,2,2022
2022/05/17,22,b1dh_e,2,1,980,1599,2034,6,2,2022
2022/05/17,22,b5,2,2,980,1775,2219,6,2,2022
2022/05/17,22,b3,2,2,980,1845,2207,6,2,2022
2022/05/17,22,a3_p,1,1,800,1304,1722,6,3,2022
2022/05/17,22,a3_e,1,1,800,1309,1692,6,3,2022
2022/05/17,22,a3,1,1,800,1323,1773,6,3,2022
2022/05/17,22,a2_p,1,1,700,1379,1820,6,3,2022
2022/05/17,22,b1dh,2,1,980,1460,1872,6,3,2022
2022/05/17,22,b2dh_p,2,1000,1549,2061,6,3,2022
2022/05/17,22,bt_e,2,1100,1597,2096,6,3,2022
2022/05/17,22,b1dh_e,2,1,980,1603,2084,6,3,2022
2022/05/17,22,b5,2,2,980,1780,2320,6,3,2022
2022/05/17,22,b3,2,2,980,1849,2307,6,3,2022
2022/05/17,22,a3_p,1,1,800,1308,1731,6,4,2022
2022/05/17,22,a3_e,1,1,800,1312,1708,6,4,2022
2022/05/17,22,a3,1,1,800,1327,1788,6,4,2022
2022/05/17,22,b1dh,2,1,980,1460,1872,6,4,2022
2022/05/17,22,bt_e,2,1100,1601,2107,6,4,2022
2022/05/17,22,b1dh_e,2,1,980,1607,2094,6,4,2022
2022/05/17,22,b5,2,2,980,1784,2332,6,4,2022
2022/05/17,22,b3,2,2,980,1854,2319,6,4,2022
2022/05/17,22,a3_p,1,1,800,1311,1743,6,5,2022
2022/05/17,22,a3_e,1,1,800,1316,1724,6,5,2022
2022/05/17,22,a3,1,1,800,1330,1804,6,5,2022
2022/05/17,22,b1dh,2,1,980,1460,1872,6,5,2022
2022/05/17,22,bt_e,2,1100,1605,2118,6,5,2022
2022/05/17,22,b5,2,2,980,1789,2344,6,5,2022
2022/05/17,22,b3,2,2,980,1858,2332,6,5,2022
2022/05/17,22,a3_p,1,1,800,1314,1758,6,6,2022
2022/05/17,22,a3_e,1,1,800,1319,1739,6,6,2022
2022/05/17,22,a3,1,1,800,1333,1819,6,6,2022
2022/05/17,22,b1dh,2,1,980,1460,1872,6,6,2022
2022/05/17,22,bt_e,2,1100,1609,2129,6,6,2022
2022/05/17,22,b5,2,2,980,1793,2357,6,6,2022
2022/05/17,22,b3,2,2,980,1862,2344,6,6,2022
2022/05/17,22,a3_p,1,1,800,1318,1773,6,7,2022
2022/05/17,22,a3_e,1,1,800,1322,1755,6,7,2022
2022/05/17,22,a3,1,1,800,1337,1834,6,7,2022
2022/05/17,22,b1dh,2,1,980,1464,1881,6,7,2022
2022/05/17,22,bt_e,2,1100,1613,2140,6,7,2022
2022/05/17,22,b5,2,2,980,1798,2369,6,7,2022
2022/05/17,22,b3,2,2,980,1867,2356,6,7,2022
2022/05/17,22,a3_p,1,1,800,1321,1789,6,8,2022
2022/05/17,22,a3_e,1,1,800,1326,1771,6,8,2022
2022/05/17,22,a3,1,1,800,1340,1850,6,8,2022
2022/05/17,22,b1dh,2,1,980,1468,1891,6,8,2022
2022/05/17,22,bt_e,2,1100,1617,2151,6,8,2022
2022/05/17,22,b5,2,2,980,1802,2382,6,8,2022
2022/05/17,22,b3,2,2,980,1871,2368,6,8,2022
2022/05/17,22,a3_p,1,1,800,1324,1804,6,9,2022
2022/05/17,22,a3_e,1,1,800,1329,1786,6,9,2022
2022/05/17,22,a3,1,1,800,1344,1865,6,9,2022
2022/05/17,22,b1dh,2,1,980,1471,1901,6,9,2022
2022/05/17,22,bt_e,2,1100,1621,2162,6,9,2022
2022/05/17,22,b5,2,2,980,1807,2394,6,9,2022
2022/05/17,22,b3,2,2,980,1876,2380,6,9,2022
2022/05/17,22,a3_p,1,1,800,1327,1819,6,10,2022
2022/05/17,22,a3_e,1,1,800,1332,1802,6,10,2022
2022/05/17,22,a3,1,1,800,1347,1803,6,10,2022
2022/05/17,22,b1dh,2,1,980,1475,1910,6,10,2022
2022/05/17,22,bt_e,2,1100,1625,2173,6,10,2022
2022/05/17,22,b5,2,2,980,1725,2406,6,10,2022
2022/05/17,22,b3,2,2,980,1880,2393,6,10,2022
2022/05/17,22,a3_p,1,1,800,1331,1835,6,11,2022
2022/05/17,22,a3_e,1,1,800,1335,1818,6,11,2022
2022/05/17,22,a3,1,1,800,1350,1818,6,11,2022
2022/05/17,22,b1dh,2,1,980,1479,1920,6,11,2022
2022/05/17,22,bt_e,2,1100,1629,2184,6,11,2022
2022/05/17,22,b5,2,2,980,1725,2419,6,11,2022
2022/05/17,22,b3,2,2,980,1884,2405,6,11,2022
2022/05/17,22,a3_p,1,1,800,1334,1850,6,12,2022
2022/05/17,22,a3_e,1,1,800,1339,1833,6,12,2022
2022/05/17,22,a3,1,1,800,1354,1834,6,12,2022
2022/05/17,22,b1dh,2,1,980,1483,1929,6,12,2022
2022/05/17,22,bt_e,2,1100,1633,2195,6,12,2022
2022/05/17,22,b5,2,2,980,1725,2431,6,12,2022
2022/05/17,22,b3,2,2,980,1889,2417,6,12,2022
2022/05/17,22,a3_p,1,1,800,1337,1865,6,13,2022
2022/05/17,22,a3_e,1,1,800,1342,1849,6,13,2022
2022/05/17,22,a3,1,1,800,1357,1850,6,13,2022
2022/05/17,22,b1dh,2,1,980,1486,1939,6,13,2022
2022/05/17,22,bt_e,2,1100,1637,2206,6,13,2022
2022/05/17,22,b5,2,2,980,1725,2444,6,13,2022
2022/05/17,22,b3,2,2,980,1893,2429,6,13,2022
2022/05/17,22,a3_p,1,1,800,1341,1881,6,14,2022
2022/05/17,22,a3_e,1,1,800,1345,1865,6,14,2022
2022/05/17,22,a3,1,1,800,1360,1865,6,14,2022
2022/05/17,22,b1dh,2,1,980,1490,1949,6,14,2022
2022/05/17,22,bt_e,2,1100,1641,2217,6,14,2022
2022/05/17,22,b5,2,2,980,1725,2456,6,14,2022
2022/05/17,22,b3,2,2,980,1897,2441,6,14,2022
2022/05/17,22,a3_p,1,1,800,1344,1896,6,15,2022
2022/05/17,22,a3_e,1,1,800,1349,1880,6,15,2022
2022/05/17,22,a3,1,1,800,1364,1881,6,15,2022
2022/05/17,22,b1dh,2,1,980,1494,1958,6,15,2022
2022/05/17,22,bt_e,2,1100,1645,2228,6,15,2022
2022/05/17,22,b5,2,2,980,1725,2468,6,15,2022
2022/05/17,22,b3,2,2,980,1902,2454,6,15,2022
2022/05/17,22,a3_p,1,1,800,1387,1723,6,16,2022
2022/05/17,22,b1dh,2,1,980,1497,1968,6,16,2022
2022/05/17,22,bt_e,2,1100,1715,2176,6,16,2022
2022/05/17,22,b5,2,2,980,1725,2211,6,16,2022
2022/05/17,22,a3_p,1,1,800,1387,1723,6,17,2022
2022/05/17,22,b1dh,2,1,980,1501,1977,6,17,2022
2022/05/17,22,bt_e,2,1100,1715,2176,6,17,2022
2022/05/17,22,b5,2,2,980,1725,2211,6,17,2022
2022/05/17,22,a3_p,1,1,800,1387,1723,6,18,2022
2022/05/17,22,b1dh,2,1,980,1505,1987,6,18,2022
2022/05/17,22,bt_e,2,1100,1720,2187,6,18,2022
2022/05/17,22,b5,2,2,980,1725,2211,6,18,2022
2022/05/17,22,a3_p,1,1,800,1387,1723,6,19,2022
2022/05/17,22,b1dh,2,1,980,1508,1997,6,19,2022
2022/05/17,22,bt_e,2,1100,1724,2199,6,19,2022
2022/05/17,22,b5,2,2,980,1725,2211,6,19,2022
2022/05/17,22,a3_p,1,1,800,1387,1723,6,20,2022
2022/05/17,22,b1dh,2,1,980,1512,2006,6,20,2022
2022/05/17,22,b5,2,2,980,1725,2211,6,20,2022
2022/05/17,22,bt_e,2,1100,1729,2210,6,20,2022
2022/05/17,22,a3_p,1,1,800,1387,1723,6,21,2022
2022/05/17,22,b5,2,2,980,1725,2211,6,21,2022
2022/05/17,22,bt_e,2,1100,1733,2221,6,21,2022
2022/05/17,22,a3_p,1,1,800,1387,1732,6,22,2022
2022/05/17,22,b5,2,2,980,1725,2211,6,22,2022
2022/05/17,22,bt_e,2,1100,1737,2233,6,22,2022
2022/05/17,22,a3_p,1,1,800,1387,1743,6,23,2022
2022/05/17,22,b5,2,2,980,1725,2211,6,23,2022
2022/05/17,22,bt_e,2,1100,1742,2244,6,23,2022
2022/05/17,22,a3_p,1,1,800,1387,1758,6,24,2022
2022/05/17,22,b5,2,2,980,1725,2211,6,24,2022
2022/05/17,22,bt_e,2,1100,1746,2256,6,24,2022
2022/05/17,22,a3_p,1,1,800,1387,1774,6,25,2022
2022/05/17,22,b5,2,2,980,1730,2222,6,25,2022
2022/05/17,22,bt_e,2,1100,1750,2267,6,25,2022
2022/05/17,22,a3_p,1,1,800,1387,1789,6,26,2022
2022/05/17,22,bt_e,2,1100,1722,2340,6,26,2022
2022/05/17,22,b5,2,2,980,1734,2234,6,26,2022
2022/05/17,22,a3_p,1,1,800,1387,1804,6,27,2022
2022/05/17,22,bt_e,2,1100,1722,2340,6,27,2022
2022/05/17,22,b5,2,2,980,1739,2245,6,27,2022
2022/05/17,22,a3_p,1,1,800,1390,1820,6,28,2022
2022/05/17,22,bt_e,2,1100,1722,2340,6,28,2022
2022/05/17,22,b5,2,2,980,1743,2256,6,28,2022
2022/05/17,22,a3_p,1,1,800,1394,1835,6,29,2022
2022/05/17,22,bt_e,2,1100,1722,2340,6,29,2022
2022/05/17,22,b5,2,2,980,1747,2268,6,29,2022
2022/05/17,22,a3_p,1,1,800,1397,1850,6,30,2022
2022/05/17,22,bt_e,2,1100,1722,2340,6,30,2022
2022/05/17,22,b5,2,2,980,1752,2279,6,30,2022
2022/05/17,22,a3_p,1,1,800,1400,1866,7,1,2022
2022/05/17,22,bt_e,2,1100,1722,2340,7,1,2022
2022/05/17,22,b5,2,2,980,1756,2291,7,1,2022
2022/05/17,22,a3_p,1,1,800,1404,1881,7,2,2022
2022/05/17,22,bt_e,2,1100,1722,2340,7,2,2022
2022/05/17,22,b5,2,2,980,1760,2302,7,2,2022
2022/05/17,22,a3_p,1,1,800,1414,1957,7,3,2022
2022/05/17,22,bt_e,2,1100,1722,2340,7,3,2022
2022/05/17,22,b5,2,2,980,1781,2480,7,3,2022
2022/05/17,22,a3_p,1,1,800,1417,1968,7,4,2022
2022/05/17,22,bt_e,2,1100,1722,2340,7,4,2022
2022/05/17,22,b5,2,2,980,1785,2494,7,4,2022
2022/05/17,22,a3_p,1,1,800,1421,1980,7,5,2022
2022/05/17,22,bt_e,2,1100,1722,2340,7,5,2022
2022/05/17,22,b5,2,2,980,1789,2508,7,5,2022
2022/05/17,22,a3_p,1,1,800,1424,1904,7,6,2022
2022/05/17,22,bt_e,2,1100,1722,2340,7,6,2022
2022/05/17,22,b5,2,2,980,1794,2523,7,6,2022
2022/05/17,22,a3_p,1,1,800,1428,1916,7,7,2022
2022/05/17,22,bt_e,2,1100,1722,2340,7,7,2022
2022/05/17,22,b5,2,2,980,1798,2537,7,7,2022
2022/05/17,22,a3_p,1,1,800,1432,1927,7,8,2022
2022/05/17,22,bt_e,2,1100,1722,2340,7,8,2022
2022/05/17,22,b5,2,2,980,1802,2551,7,8,2022
2022/05/17,22,a3_p,1,1,800,1435,1939,7,9,2022
2022/05/17,22,bt_e,2,1100,1722,2340,7,9,2022
2022/05/17,22,a3_p,1,1,800,1439,1950,7,10,2022
2022/05/17,22,bt_e,2,1100,1722,2340,7,10,2022
2022/05/17,22,a3_p,1,1,800,1442,1962,7,11,2022
2022/05/17,22,bt_e,2,1100,1727,2354,7,11,2022
2022/05/17,22,bt_e,2,1100,1732,2368,7,12,2022
2022/05/17,22,bt_e,2,1100,1736,2382,7,13,2022
2022/05/17,22,bt_e,2,1100,1741,2397,7,14,2022
2022/05/17,22,bt_e,2,1100,1746,2411,7,15,2022
2022/05/17,22,bt_e,2,1100,1751,2425,7,16,2022
2022/05/17,22,bt_e,2,1100,1755,2439,7,17,2022
2022/05/17,22,bt_e,2,1100,1760,2454,7,18,2022
2022/05/17,22,bt_e,2,1100,1765,2468,7,19,2022
2022/05/17,22,bt_e,2,1100,1770,2482,7,20,2022
2022/05/17,22,bt_e,2,1100,1774,2496,7,21,2022
2022/05/17,22,bt_e,2,1100,1779,2511,7,22,2022
2022/05/17,22,bt_e,2,1100,1784,2525,7,23,2022
2022/05/17,22,bt_e,2,1100,1788,2539,7,24,2022
2022/05/17,22,ct_e,3,1350,2169,2765,7,25,2022
2022/05/17,22,ct_e,3,1350,2169,2765,7,26,2022
2022/05/17,22,ct_e,3,1350,2169,2765,7,27,2022
2022/05/17,22,ct_e,3,1350,2169,2765,7,28,2022
2022/05/17,22,ct_e,3,1350,2169,2765,7,29,2022
2022/05/17,22,ct_e,3,1350,2169,2765,7,30,2022
2022/05/17,22,ct_e,3,1350,2169,2765,7,31,2022
2022/05/17,22,ct_e,3,1350,2169,2765,8,1,2022
2022/05/17,22,ct_e,3,1350,2169,2765,8,2,2022
2022/05/17,22,ct_e,3,1350,2169,2765,8,3,2022
2022/05/17,22,ct_e,3,1350,2169,2765,8,4,2022
2022/05/17,22,ct_e,3,1350,2169,2765,8,5,2022
2022/05/17,22,ct_e,3,1350,2169,2765,8,6,2022
2022/05/17,22,ct_e,3,1350,2169,2765,8,7,2022
2022/05/17,22,ct_e,3,1350,2169,2765,8,8,2022
2022/05/17,22,ct_e,3,1350,2175,2789,8,9,2022
2022/05/17,22,ct_e,3,1350,2181,2813,8,10,2022
2022/05/17,22,ct_e,3,1350,2187,2837,8,11,2022
2022/05/17,22,ct_e,3,1350,2193,2861,8,12,2022
2022/05/17,22,ct_e,3,1350,2199,2885,8,13,2022
2022/05/17,22,ct_e,3,1350,2205,2909,8,14,2022
2022/05/17,22,ct_e,3,1350,2211,2933,8,15,2022
2022/05/17,22,ct_e,3,1350,2217,2957,8,16,2022
2022/05/17,22,ct_e,3,1350,2223,2981,8,17,2022
2022/05/17,22,ct_e,3,1350,2229,3005,8,18,2022
2022/05/17,22,ct_e,3,1350,2235,3029,8,19,2022
2022/05/17,22,ct_e,3,1350,2241,3053,8,20,2022
2022/05/17,22,ct_e,3,1350,2247,3077,8,21,2022
2022/05/17,22,ct_e,3,1350,2253,3101,8,22,2022
2022/05/19,15,a3_p,1,1,800,1247,1552,5,19,2022
2022/05/19,15,a3,1,1,800,1262,1765,5,19,2022
2022/05/19,15,a3_e,1,1,800,1280,1527,5,19,2022
2022/05/19,15,a2_p,1,1,700,1317,1553,5,19,2022
2022/05/19,15,b1dh,2,1,980,1371,1900,5,19,2022
2022/05/19,15,b1dh_p,2,1,980,1391,1723,5,19,2022
2022/05/19,15,bt_e,2,1100,1522,1916,5,19,2022
2022/05/19,15,b2dh_p,2,1000,1530,1876,5,19,2022
2022/05/19,15,b1dh_e,2,1,980,1589,1925,5,19,2022
2022/05/19,15,b3,2,2,980,1687,2151,5,19,2022
2022/05/19,15,b5,2,2,980,1733,2204,5,19,2022
2022/05/19,15,b4,2,2,1000,2001,2423,5,19,2022
2022/05/19,15,ct_e,3,1350,2008,2830,5,19,2022
2022/05/19,15,a3_p,1,1,800,1247,1552,5,20,2022
2022/05/19,15,a3,1,1,800,1262,1765,5,20,2022
2022/05/19,15,a3_e,1,1,800,1276,1527,5,20,2022
2022/05/19,15,a2_p,1,1,700,1317,1553,5,20,2022
2022/05/19,15,b1dh,2,1,980,1371,1900,5,20,2022
2022/05/19,15,b1dh_p,2,1,980,1391,1723,5,20,2022
2022/05/19,15,bt_e,2,1100,1522,1916,5,20,2022
2022/05/19,15,b2dh_p,2,1000,1530,1876,5,20,2022
2022/05/19,15,b1dh_e,2,1,980,1589,1925,5,20,2022
2022/05/19,15,b3,2,2,980,1687,2151,5,20,2022
2022/05/19,15,b5,2,2,980,1733,2204,5,20,2022
2022/05/19,15,b4,2,2,1000,2001,2423,5,20,2022
2022/05/19,15,ct_e,3,1350,2001,2816,5,20,2022
2022/05/19,15,a3_p,1,1,800,1247,1552,5,21,2022
2022/05/19,15,a3,1,1,800,1262,1765,5,21,2022
2022/05/19,15,a3_e,1,1,800,1280,1527,5,21,2022
2022/05/19,15,a2_p,1,1,700,1317,1553,5,21,2022
2022/05/19,15,b1dh,2,1,980,1371,1900,5,21,2022
2022/05/19,15,b1dh_p,2,1,980,1391,1723,5,21,2022
2022/05/19,15,bt_e,2,1100,1522,1916,5,21,2022
2022/05/19,15,b2dh_p,2,1000,1530,1876,5,21,2022
2022/05/19,15,b1dh_e,2,1,980,1589,1925,5,21,2022
2022/05/19,15,b3,2,2,980,1687,2151,5,21,2022
2022/05/19,15,b5,2,2,980,1733,2204,5,21,2022
2022/05/19,15,b4,2,2,1000,2001,2423,5,21,2022
2022/05/19,15,ct_e,3,1350,2008,2830,5,21,2022
2022/05/19,15,a3_p,1,1,800,1247,1552,5,22,2022
2022/05/19,15,a3,1,1,800,1262,1765,5,22,2022
2022/05/19,15,a3_e,1,1,800,1283,1531,5,22,2022
2022/05/19,15,a2_p,1,1,700,1317,1553,5,22,2022
2022/05/19,15,b1dh,2,1,980,1371,1900,5,22,2022
2022/05/19,15,b1dh_p,2,1,980,1391,1723,5,22,2022
2022/05/19,15,bt_e,2,1100,1522,1916,5,22,2022
2022/05/19,15,b2dh_p,2,1000,1530,1876,5,22,2022
2022/05/19,15,b1dh_e,2,1,980,1589,1925,5,22,2022
2022/05/19,15,b3,2,2,980,1687,2151,5,22,2022
2022/05/19,15,b5,2,2,980,1733,2204,5,22,2022
2022/05/19,15,b4,2,2,1000,2001,2423,5,22,2022
2022/05/19,15,ct_e,3,1350,2014,2844,5,22,2022
2022/05/19,15,a3_p,1,1,800,1247,1552,5,23,2022
2022/05/19,15,a3,1,1,800,1262,1765,5,23,2022
2022/05/19,15,a3_e,1,1,800,1286,1541,5,23,2022
2022/05/19,15,a2_p,1,1,700,1317,1553,5,23,2022
2022/05/19,15,b1dh,2,1,980,1371,1900,5,23,2022
2022/05/19,15,b1dh_p,2,1,980,1391,1723,5,23,2022
2022/05/19,15,bt_e,2,1100,1522,1916,5,23,2022
2022/05/19,15,b2dh_p,2,1000,1530,1876,5,23,2022
2022/05/19,15,b1dh_e,2,1,980,1589,1925,5,23,2022
2022/05/19,15,b3,2,2,980,1687,2151,5,23,2022
2022/05/19,15,b5,2,2,980,1733,2204,5,23,2022
2022/05/19,15,b4,2,2,1000,2001,2423,5,23,2022
2022/05/19,15,ct_e,3,1350,2021,2858,5,23,2022
2022/05/19,15,a3_p,1,1,800,1247,1552,5,24,2022
2022/05/19,15,a3,1,1,800,1262,1765,5,24,2022
2022/05/19,15,a3_e,1,1,800,1286,1556,5,24,2022
2022/05/19,15,a2_p,1,1,700,1317,1553,5,24,2022
2022/05/19,15,b1dh,2,1,980,1371,1900,5,24,2022
2022/05/19,15,b1dh_p,2,1,980,1391,1723,5,24,2022
2022/05/19,15,bt_e,2,1100,1522,1916,5,24,2022
2022/05/19,15,b2dh_p,2,1000,1530,1876,5,24,2022
2022/05/19,15,b1dh_e,2,1,980,1589,1925,5,24,2022
2022/05/19,15,b3,2,2,980,1687,2151,5,24,2022
2022/05/19,15,b5,2,2,980,1733,2204,5,24,2022
2022/05/19,15,b4,2,2,1000,2001,2423,5,24,2022
2022/05/19,15,ct_e,3,1350,2027,2872,5,24,2022
2022/05/19,15,a3_p,1,1,800,1247,1552,5,25,2022
2022/05/19,15,a3,1,1,800,1262,1765,5,25,2022
2022/05/19,15,a3_e,1,1,800,1286,1571,5,25,2022
2022/05/19,15,a2_p,1,1,700,1317,1553,5,25,2022
2022/05/19,15,b1dh,2,1,980,1371,1900,5,25,2022
2022/05/19,15,b1dh_p,2,1,980,1391,1723,5,25,2022
2022/05/19,15,bt_e,2,1100,1522,1916,5,25,2022
2022/05/19,15,b2dh_p,2,1000,1530,1876,5,25,2022
2022/05/19,15,b1dh_e,2,1,980,1589,1925,5,25,2022
2022/05/19,15,b3,2,2,980,1687,2151,5,25,2022
2022/05/19,15,b5,2,2,980,1733,2204,5,25,2022
2022/05/19,15,b4,2,2,1000,2001,2423,5,25,2022
2022/05/19,15,ct_e,3,1350,2033,2886,5,25,2022
2022/05/19,15,a3_p,1,1,800,1247,1552,5,26,2022
2022/05/19,15,a3,1,1,800,1262,1765,5,26,2022
2022/05/19,15,a3_e,1,1,800,1286,1586,5,26,2022
2022/05/19,15,a2_p,1,1,700,1317,1553,5,26,2022
2022/05/19,15,b1dh,2,1,980,1371,1900,5,26,2022
2022/05/19,15,b1dh_p,2,1,980,1391,1723,5,26,2022
2022/05/19,15,bt_e,2,1100,1522,1916,5,26,2022
2022/05/19,15,b2dh_p,2,1000,1530,1876,5,26,2022
2022/05/19,15,b1dh_e,2,1,980,1589,1925,5,26,2022
2022/05/19,15,b3,2,2,980,1687,2151,5,26,2022
2022/05/19,15,b5,2,2,980,1733,2204,5,26,2022
2022/05/19,15,b4,2,2,1000,2001,2423,5,26,2022
2022/05/19,15,ct_e,3,1350,2040,2900,5,26,2022
2022/05/19,15,a3_p,1,1,800,1247,1552,5,27,2022
2022/05/19,15,a3,1,1,800,1262,1765,5,27,2022
2022/05/19,15,a3_e,1,1,800,1286,1601,5,27,2022
2022/05/19,15,a2_p,1,1,700,1317,1553,5,27,2022
2022/05/19,15,b1dh,2,1,980,1371,1900,5,27,2022
2022/05/19,15,b1dh_p,2,1,980,1391,1723,5,27,2022
2022/05/19,15,bt_e,2,1100,1522,1916,5,27,2022
2022/05/19,15,b2dh_p,2,1000,1530,1876,5,27,2022
2022/05/19,15,b1dh_e,2,1,980,1589,1925,5,27,2022
2022/05/19,15,b3,2,2,980,1687,2151,5,27,2022
2022/05/19,15,b5,2,2,980,1733,2204,5,27,2022
2022/05/19,15,b4,2,2,1000,2001,2423,5,27,2022
2022/05/19,15,ct_e,3,1350,2046,2914,5,27,2022
2022/05/19,15,a3_p,1,1,800,1247,1552,5,28,2022
2022/05/19,15,a3,1,1,800,1262,1765,5,28,2022
2022/05/19,15,a3_e,1,1,800,1286,1616,5,28,2022
2022/05/19,15,a2_p,1,1,700,1317,1553,5,28,2022
2022/05/19,15,b1dh,2,1,980,1371,1900,5,28,2022
2022/05/19,15,b1dh_p,2,1,980,1391,1723,5,28,2022
2022/05/19,15,bt_e,2,1100,1522,1916,5,28,2022
2022/05/19,15,b2dh_p,2,1000,1530,1876,5,28,2022
2022/05/19,15,b1dh_e,2,1,980,1589,1925,5,28,2022
2022/05/19,15,b3,2,2,980,1687,2151,5,28,2022
2022/05/19,15,b5,2,2,980,1733,2204,5,28,2022
2022/05/19,15,b4,2,2,1000,2001,2423,5,28,2022
2022/05/19,15,ct_e,3,1350,2052,2928,5,28,2022
2022/05/19,15,a3_p,1,1,800,1247,1552,5,29,2022
2022/05/19,15,a3,1,1,800,1262,1773,5,29,2022
2022/05/19,15,a3_e,1,1,800,1286,1631,5,29,2022
2022/05/19,15,a2_p,1,1,700,1317,1553,5,29,2022
2022/05/19,15,b1dh,2,1,980,1374,1900,5,29,2022
2022/05/19,15,b1dh_p,2,1,980,1391,1723,5,29,2022
2022/05/19,15,bt_e,2,1100,1522,1916,5,29,2022
2022/05/19,15,b2dh_p,2,1000,1530,1876,5,29,2022
2022/05/19,15,b1dh_e,2,1,980,1589,1925,5,29,2022
2022/05/19,15,b3,2,2,980,1687,2151,5,29,2022
2022/05/19,15,b5,2,2,980,1733,2204,5,29,2022
2022/05/19,15,b4,2,2,1000,2001,2423,5,29,2022
2022/05/19,15,ct_e,3,1350,2059,2942,5,29,2022
2022/05/19,15,a3_p,1,1,800,1247,1552,5,30,2022
2022/05/19,15,a3,1,1,800,1262,1781,5,30,2022
2022/05/19,15,a3_e,1,1,800,1286,1646,5,30,2022
2022/05/19,15,a2_p,1,1,700,1317,1553,5,30,2022
2022/05/19,15,b1dh,2,1,980,1377,1900,5,30,2022
2022/05/19,15,b1dh_p,2,1,980,1391,1723,5,30,2022
2022/05/19,15,bt_e,2,1100,1522,1916,5,30,2022
2022/05/19,15,b2dh_p,2,1000,1530,1876,5,30,2022
2022/05/19,15,b1dh_e,2,1,980,1589,1925,5,30,2022
2022/05/19,15,b3,2,2,980,1687,2151,5,30,2022
2022/05/19,15,b5,2,2,980,1733,2204,5,30,2022
2022/05/19,15,b4,2,2,1000,2001,2423,5,30,2022
2022/05/19,15,ct_e,3,1350,2065,2956,5,30,2022
2022/05/19,15,a3_p,1,1,800,1247,1552,5,31,2022
2022/05/19,15,a3,1,1,800,1262,1790,5,31,2022
2022/05/19,15,a3_e,1,1,800,1286,1661,5,31,2022
2022/05/19,15,a2_p,1,1,700,1317,1553,5,31,2022
2022/05/19,15,b1dh,2,1,980,1381,1900,5,31,2022
2022/05/19,15,b1dh_p,2,1,980,1391,1723,5,31,2022
2022/05/19,15,bt_e,2,1100,1522,1916,5,31,2022
2022/05/19,15,b2dh_p,2,1000,1530,1876,5,31,2022
2022/05/19,15,b1dh_e,2,1,980,1589,1925,5,31,2022
2022/05/19,15,b3,2,2,980,1687,2151,5,31,2022
2022/05/19,15,b5,2,2,980,1733,2204,5,31,2022
2022/05/19,15,b4,2,2,1000,2001,2423,5,31,2022
2022/05/19,15,ct_e,3,1350,2071,2970,5,31,2022
2022/05/19,15,a3_p,1,1,800,1247,1552,6,1,2022
2022/05/19,15,a3,1,1,800,1262,1798,6,1,2022
2022/05/19,15,a3_e,1,1,800,1286,1676,6,1,2022
2022/05/19,15,a2_p,1,1,700,1317,1553,6,1,2022
2022/05/19,15,b1dh,2,1,980,1384,1900,6,1,2022
2022/05/19,15,b1dh_p,2,1,980,1391,1723,6,1,2022
2022/05/19,15,bt_e,2,1100,1522,1916,6,1,2022
2022/05/19,15,b2dh_p,2,1000,1530,1876,6,1,2022
2022/05/19,15,b1dh_e,2,1,980,1589,1925,6,1,2022
2022/05/19,15,b3,2,2,980,1687,2151,6,1,2022
2022/05/19,15,b5,2,2,980,1733,2204,6,1,2022
2022/05/19,15,b4,2,2,1000,2001,2423,6,1,2022
2022/05/19,15,ct_e,3,1350,2078,2984,6,1,2022
2022/05/19,15,a3_p,1,1,800,1250,1552,6,2,2022
2022/05/19,15,a3,1,1,800,1262,1811,6,2,2022
2022/05/19,15,a3_e,1,1,800,1286,1691,6,2,2022
2022/05/19,15,a2_p,1,1,700,1317,1553,6,2,2022
2022/05/19,15,b1dh,2,1,980,1387,1900,6,2,2022
2022/05/19,15,b1dh_p,2,1,980,1391,1723,6,2,2022
2022/05/19,15,bt_e,2,1100,1522,1916,6,2,2022
2022/05/19,15,b2dh_p,2,1000,1530,1876,6,2,2022
2022/05/19,15,b1dh_e,2,1,980,1589,1925,6,2,2022
2022/05/19,15,b3,2,2,980,1687,2151,6,2,2022
2022/05/19,15,b5,2,2,980,1733,2204,6,2,2022
2022/05/19,15,b4,2,2,1000,2001,2423,6,2,2022
2022/05/19,15,ct_e,3,1350,2084,2998,6,2,2022
2022/05/19,15,a3_p,1,1,800,1253,1703,6,3,2022
2022/05/19,15,a3_e,1,1,800,1293,1672,6,3,2022
2022/05/19,15,a3,1,1,800,1307,1894,6,3,2022
2022/05/19,15,a2_p,1,1,700,1362,1802,6,3,2022
2022/05/19,15,b1dh,2,1,980,1377,1826,6,3,2022
2022/05/19,15,b1dh_p,2,1,980,1419,1889,6,3,2022
2022/05/19,15,bt_e,2,1100,1530,2013,6,3,2022
2022/05/19,15,b2dh_p,2,1000,1590,2108,6,3,2022
2022/05/19,15,b3,2,2,980,1696,2260,6,3,2022
2022/05/19,15,b5,2,2,980,1742,2272,6,3,2022
2022/05/19,15,a3_p,1,1,800,1256,1712,6,4,2022
2022/05/19,15,a3_e,1,1,800,1297,1687,6,4,2022
2022/05/19,15,a3,1,1,800,1311,1911,6,4,2022
2022/05/19,15,b1dh,2,1,980,1381,1835,6,4,2022
2022/05/19,15,b1dh_p,2,1,980,1423,1899,6,4,2022
2022/05/19,15,bt_e,2,1100,1534,2023,6,4,2022
2022/05/19,15,b3,2,2,980,1700,2272,6,4,2022
2022/05/19,15,b5,2,2,980,1747,2284,6,4,2022
2022/05/19,15,a3_p,1,1,800,1259,1725,6,5,2022
2022/05/19,15,a3_e,1,1,800,1300,1703,6,5,2022
2022/05/19,15,a3,1,1,800,1314,1928,6,5,2022
2022/05/19,15,b1dh,2,1,980,1384,1844,6,5,2022
2022/05/19,15,b1dh_p,2,1,980,1426,1909,6,5,2022
2022/05/19,15,bt_e,2,1100,1538,2034,6,5,2022
2022/05/19,15,b3,2,2,980,1704,2284,6,5,2022
2022/05/19,15,b5,2,2,980,1751,2296,6,5,2022
2022/05/19,15,a3_p,1,1,800,1262,1740,6,6,2022
2022/05/19,15,a3_e,1,1,800,1303,1718,6,6,2022
2022/05/19,15,a3,1,1,800,1317,1944,6,6,2022
2022/05/19,15,b1dh,2,1,980,1387,1854,6,6,2022
2022/05/19,15,b1dh_p,2,1,980,1430,1918,6,6,2022
2022/05/19,15,bt_e,2,1100,1542,2045,6,6,2022
2022/05/19,15,b3,2,2,980,1709,2296,6,6,2022
2022/05/19,15,b5,2,2,980,1755,2308,6,6,2022
2022/05/19,15,a3_p,1,1,800,1265,1755,6,7,2022
2022/05/19,15,a3_e,1,1,800,1306,1733,6,7,2022
2022/05/19,15,a3,1,1,800,1320,1961,6,7,2022
2022/05/19,15,b1dh,2,1,980,1390,1863,6,7,2022
2022/05/19,15,b1dh_p,2,1,980,1433,1928,6,7,2022
2022/05/19,15,bt_e,2,1100,1545,2056,6,7,2022
2022/05/19,15,b3,2,2,980,1713,2308,6,7,2022
2022/05/19,15,b5,2,2,980,1760,2320,6,7,2022
2022/05/19,15,a3_p,1,1,800,1268,1771,6,8,2022
2022/05/19,15,a3_e,1,1,800,1310,1749,6,8,2022
2022/05/19,15,a3,1,1,800,1324,1978,6,8,2022
2022/05/19,15,b1dh,2,1,980,1394,1872,6,8,2022
2022/05/19,15,b1dh_p,2,1,980,1437,1938,6,8,2022
2022/05/19,15,bt_e,2,1100,1549,2067,6,8,2022
2022/05/19,15,b3,2,2,980,1717,2320,6,8,2022
2022/05/19,15,b5,2,2,980,1764,2332,6,8,2022
2022/05/19,15,a3_p,1,1,800,1271,1786,6,9,2022
2022/05/19,15,a3_e,1,1,800,1313,1764,6,9,2022
2022/05/19,15,a3,1,1,800,1327,1994,6,9,2022
2022/05/19,15,b1dh,2,1,980,1397,1887,6,9,2022
2022/05/19,15,b1dh_p,2,1,980,1440,1950,6,9,2022
2022/05/19,15,bt_e,2,1100,1553,2077,6,9,2022
2022/05/19,15,b3,2,2,980,1722,2332,6,9,2022
2022/05/19,15,b5,2,2,980,1769,2344,6,9,2022
2022/05/19,15,a3_p,1,1,800,1273,1801,6,10,2022
2022/05/19,15,a3_e,1,1,800,1316,1779,6,10,2022
2022/05/19,15,a3,1,1,800,1330,2011,6,10,2022
2022/05/19,15,b1dh,2,1,980,1400,1902,6,10,2022
2022/05/19,15,bt_e,2,1100,1557,2088,6,10,2022
2022/05/19,15,b5,2,2,980,1685,2356,6,10,2022
2022/05/19,15,b3,2,2,980,1726,2344,6,10,2022
2022/05/19,15,a3_p,1,1,800,1276,1817,6,11,2022
2022/05/19,15,a3_e,1,1,800,1320,1795,6,11,2022
2022/05/19,15,a3,1,1,800,1334,2028,6,11,2022
2022/05/19,15,b1dh,2,1,980,1404,1917,6,11,2022
2022/05/19,15,bt_e,2,1100,1561,2099,6,11,2022
2022/05/19,15,b5,2,2,980,1685,2368,6,11,2022
2022/05/19,15,b3,2,2,980,1730,2356,6,11,2022
2022/05/19,15,a3_p,1,1,800,1279,1832,6,12,2022
2022/05/19,15,a3_e,1,1,800,1323,1810,6,12,2022
2022/05/19,15,b1dh,2,1,980,1335,1880,6,12,2022
2022/05/19,15,a3,1,1,800,1337,1811,6,12,2022
2022/05/19,15,bt_e,2,1100,1565,2110,6,12,2022
2022/05/19,15,b5,2,2,980,1685,2380,6,12,2022
2022/05/19,15,b3,2,2,980,1734,2368,6,12,2022
2022/05/19,15,a3_p,1,1,800,1282,1847,6,13,2022
2022/05/19,15,a3_e,1,1,800,1326,1825,6,13,2022
2022/05/19,15,b1dh,2,1,980,1335,1890,6,13,2022
2022/05/19,15,a3,1,1,800,1340,1826,6,13,2022
2022/05/19,15,bt_e,2,1100,1569,2121,6,13,2022
2022/05/19,15,b5,2,2,980,1685,2392,6,13,2022
2022/05/19,15,b3,2,2,980,1739,2380,6,13,2022
2022/05/19,15,a3_p,1,1,800,1285,1863,6,14,2022
2022/05/19,15,a3_e,1,1,800,1329,1841,6,14,2022
2022/05/19,15,b1dh,2,1,980,1335,1899,6,14,2022
2022/05/19,15,a3,1,1,800,1343,1842,6,14,2022
2022/05/19,15,bt_e,2,1100,1572,2131,6,14,2022
2022/05/19,15,b5,2,2,980,1685,2404,6,14,2022
2022/05/19,15,b3,2,2,980,1743,2392,6,14,2022
2022/05/19,15,a3_p,1,1,800,1288,1878,6,15,2022
2022/05/19,15,a3_e,1,1,800,1333,1856,6,15,2022
2022/05/19,15,b1dh,2,1,980,1335,1908,6,15,2022
2022/05/19,15,a3,1,1,800,1347,1857,6,15,2022
2022/05/19,15,bt_e,2,1100,1576,2142,6,15,2022
2022/05/19,15,b5,2,2,980,1685,2416,6,15,2022
2022/05/19,15,b3,2,2,980,1747,2404,6,15,2022
2022/05/19,15,b1dh,2,1,980,1335,1918,6,16,2022
2022/05/19,15,a3_p,1,1,800,1370,1703,6,16,2022
2022/05/19,15,a3,1,1,800,1376,1738,6,16,2022
2022/05/19,15,bt_e,2,1100,1675,2128,6,16,2022
2022/05/19,15,b5,2,2,980,1685,2163,6,16,2022
2022/05/19,15,b1dh,2,1,980,1339,1927,6,17,2022
2022/05/19,15,a3_p,1,1,800,1370,1703,6,17,2022
2022/05/19,15,a3,1,1,800,1379,1753,6,17,2022
2022/05/19,15,bt_e,2,1100,1675,2128,6,17,2022
2022/05/19,15,b5,2,2,980,1685,2163,6,17,2022
2022/05/19,15,b1dh,2,1,980,1342,1937,6,18,2022
2022/05/19,15,a3_p,1,1,800,1370,1703,6,18,2022
2022/05/19,15,a3,1,1,800,1382,1768,6,18,2022
2022/05/19,15,bt_e,2,1100,1680,2139,6,18,2022
2022/05/19,15,b5,2,2,980,1685,2163,6,18,2022
2022/05/19,15,b1dh,2,1,980,1346,1946,6,19,2022
2022/05/19,15,a3_p,1,1,800,1370,1703,6,19,2022
2022/05/19,15,a3,1,1,800,1385,1783,6,19,2022
2022/05/19,15,bt_e,2,1100,1684,2150,6,19,2022
2022/05/19,15,b5,2,2,980,1685,2163,6,19,2022
2022/05/19,15,b1dh,2,1,980,1349,1955,6,20,2022
2022/05/19,15,a3_p,1,1,800,1370,1703,6,20,2022
2022/05/19,15,a3,1,1,800,1388,1798,6,20,2022
2022/05/19,15,b5,2,2,980,1685,2163,6,20,2022
2022/05/19,15,bt_e,2,1100,1688,2161,6,20,2022
2022/05/19,15,b1dh,2,1,980,1352,1766,6,21,2022
2022/05/19,15,a3_p,1,1,800,1370,1703,6,21,2022
2022/05/19,15,a3,1,1,800,1392,1813,6,21,2022
2022/05/19,15,b5,2,2,980,1685,2163,6,21,2022
2022/05/19,15,bt_e,2,1100,1693,2173,6,21,2022
2022/05/19,15,b1dh,2,1,980,1356,1775,6,22,2022
2022/05/19,15,a3_p,1,1,800,1370,1712,6,22,2022
2022/05/19,15,a3,1,1,800,1395,1828,6,22,2022
2022/05/19,15,b5,2,2,980,1685,2163,6,22,2022
2022/05/19,15,bt_e,2,1100,1697,2184,6,22,2022
2022/05/19,15,b1dh,2,1,980,1359,1783,6,23,2022
2022/05/19,15,a3_p,1,1,800,1370,1725,6,23,2022
2022/05/19,15,a3,1,1,800,1398,1843,6,23,2022
2022/05/19,15,b5,2,2,980,1685,2163,6,23,2022
2022/05/19,15,bt_e,2,1100,1701,2195,6,23,2022
2022/05/19,15,b1dh,2,1,980,1362,1792,6,24,2022
2022/05/19,15,a3_p,1,1,800,1370,1740,6,24,2022
2022/05/19,15,b5,2,2,980,1685,2163,6,24,2022
2022/05/19,15,bt_e,2,1100,1706,2206,6,24,2022
2022/05/19,15,b1dh,2,1,980,1366,1801,6,25,2022
2022/05/19,15,a3_p,1,1,800,1370,1756,6,25,2022
2022/05/19,15,b5,2,2,980,1690,2174,6,25,2022
2022/05/19,15,bt_e,2,1100,1710,2217,6,25,2022
2022/05/19,15,b1dh,2,1,980,1369,1810,6,26,2022
2022/05/19,15,a3_p,1,1,800,1370,1771,6,26,2022
2022/05/19,15,bt_e,2,1100,1682,2290,6,26,2022
2022/05/19,15,b5,2,2,980,1694,2185,6,26,2022
2022/05/19,15,a3_p,1,1,800,1370,1786,6,27,2022
2022/05/19,15,b1dh,2,1,980,1373,1819,6,27,2022
2022/05/19,15,bt_e,2,1100,1682,2290,6,27,2022
2022/05/19,15,b5,2,2,980,1698,2196,6,27,2022
2022/05/19,15,a3_p,1,1,800,1373,1802,6,28,2022
2022/05/19,15,b1dh,2,1,980,1376,1827,6,28,2022
2022/05/19,15,bt_e,2,1100,1682,2290,6,28,2022
2022/05/19,15,b5,2,2,980,1703,2208,6,28,2022
2022/05/19,15,a3_p,1,1,800,1377,1817,6,29,2022
2022/05/19,15,b1dh,2,1,980,1379,1836,6,29,2022
2022/05/19,15,bt_e,2,1100,1682,2290,6,29,2022
2022/05/19,15,b5,2,2,980,1707,2219,6,29,2022
2022/05/19,15,a3_p,1,1,800,1380,1832,6,30,2022
2022/05/19,15,b1dh,2,1,980,1383,1851,6,30,2022
2022/05/19,15,bt_e,2,1100,1682,2290,6,30,2022
2022/05/19,15,b5,2,2,980,1711,2230,6,30,2022
2022/05/19,15,a3_p,1,1,800,1383,1848,7,1,2022
2022/05/19,15,bt_e,2,1100,1682,2290,7,1,2022
2022/05/19,15,b5,2,2,980,1716,2241,7,1,2022
2022/05/19,15,a3_p,1,1,800,1386,1863,7,2,2022
2022/05/19,15,bt_e,2,1100,1682,2290,7,2,2022
2022/05/19,15,b5,2,2,980,1720,2252,7,2,2022
2022/05/19,15,a3_p,1,1,800,1396,1937,7,3,2022
2022/05/19,15,bt_e,2,1100,1682,2290,7,3,2022
2022/05/19,15,b5,2,2,980,1740,2428,7,3,2022
2022/05/19,15,a3_p,1,1,800,1400,1948,7,4,2022
2022/05/19,15,bt_e,2,1100,1682,2290,7,4,2022
2022/05/19,15,b5,2,2,980,1744,2442,7,4,2022
2022/05/19,15,a3_p,1,1,800,1403,1960,7,5,2022
2022/05/19,15,bt_e,2,1100,1682,2290,7,5,2022
2022/05/19,15,b5,2,2,980,1748,2456,7,5,2022
2022/05/19,15,a3_p,1,1,800,1407,1882,7,6,2022
2022/05/19,15,bt_e,2,1100,1682,2290,7,6,2022
2022/05/19,15,b5,2,2,980,1752,2470,7,6,2022
2022/05/19,15,a3_p,1,1,800,1410,1893,7,7,2022
2022/05/19,15,bt_e,2,1100,1682,2290,7,7,2022
2022/05/19,15,b5,2,2,980,1756,2484,7,7,2022
2022/05/19,15,a3_p,1,1,800,1414,1904,7,8,2022
2022/05/19,15,bt_e,2,1100,1682,2290,7,8,2022
2022/05/19,15,b5,2,2,980,1760,2498,7,8,2022
2022/05/19,15,a3_p,1,1,800,1417,1916,7,9,2022
2022/05/19,15,bt_e,2,1100,1682,2290,7,9,2022
2022/05/19,15,a3_p,1,1,800,1421,1927,7,10,2022
2022/05/19,15,bt_e,2,1100,1682,2290,7,10,2022
2022/05/19,15,a3_p,1,1,800,1424,1938,7,11,2022
2022/05/19,15,bt_e,2,1100,1687,2304,7,11,2022
2022/05/19,15,bt_e,2,1100,1691,2318,7,12,2022
2022/05/19,15,bt_e,2,1100,1696,2332,7,13,2022
2022/05/19,15,bt_e,2,1100,1701,2346,7,14,2022
2022/05/19,15,bt_e,2,1100,1705,2360,7,15,2022
2022/05/19,15,bt_e,2,1100,1710,2374,7,16,2022
2022/05/19,15,bt_e,2,1100,1715,2388,7,17,2022
2022/05/19,15,bt_e,2,1100,1719,2402,7,18,2022
2022/05/19,15,bt_e,2,1100,1724,2416,7,19,2022
2022/05/19,15,bt_e,2,1100,1729,2430,7,20,2022
2022/05/19,15,bt_e,2,1100,1733,2444,7,21,2022
2022/05/19,15,bt_e,2,1100,1738,2458,7,22,2022
2022/05/19,15,bt_e,2,1100,1742,2472,7,23,2022
2022/05/19,15,bt_e,2,1100,1746,2486,7,24,2022
2022/05/19,15,ct_e,3,1350,2150,2744,7,25,2022
2022/05/19,15,ct_e,3,1350,2150,2744,7,26,2022
2022/05/19,15,ct_e,3,1350,2150,2744,7,27,2022
2022/05/19,15,ct_e,3,1350,2150,2744,7,28,2022
2022/05/19,15,ct_e,3,1350,2150,2744,7,29,2022
2022/05/19,15,ct_e,3,1350,2150,2744,7,30,2022
2022/05/19,15,ct_e,3,1350,2150,2744,7,31,2022
2022/05/19,15,ct_e,3,1350,2150,2744,8,1,2022
2022/05/19,15,ct_e,3,1350,2150,2744,8,2,2022
2022/05/19,15,ct_e,3,1350,2150,2744,8,3,2022
2022/05/19,15,ct_e,3,1350,2150,2744,8,4,2022
2022/05/19,15,ct_e,3,1350,2150,2744,8,5,2022
2022/05/19,15,ct_e,3,1350,2150,2744,8,6,2022
2022/05/19,15,ct_e,3,1350,2150,2744,8,7,2022
2022/05/19,15,ct_e,3,1350,2150,2744,8,8,2022
2022/05/19,15,ct_e,3,1350,2156,2768,8,9,2022
2022/05/19,15,ct_e,3,1350,2162,2791,8,10,2022
2022/05/19,15,ct_e,3,1350,2168,2815,8,11,2022
2022/05/19,15,ct_e,3,1350,2174,2839,8,12,2022
2022/05/19,15,ct_e,3,1350,2180,2862,8,13,2022
2022/05/19,15,ct_e,3,1350,2186,2886,8,14,2022
2022/05/19,15,ct_e,3,1350,2191,2910,8,15,2022
2022/05/19,15,ct_e,3,1350,2197,2933,8,16,2022
2022/05/19,15,ct_e,3,1350,2203,2957,8,17,2022
2022/05/19,15,ct_e,3,1350,2209,2981,8,18,2022
2022/05/19,15,ct_e,3,1350,2215,3004,8,19,2022
2022/05/19,15,ct_e,3,1350,2221,3028,8,20,2022
2022/05/19,15,ct_e,3,1350,2227,3052,8,21,2022
2022/05/19,15,ct_e,3,1350,2233,3075,8,22,2022
